shell_A	residue	group	n	same_aa	sc_shift_median	sc_within_1.5A	chi1_same_rotamer	kept
5	A164	control_9I27_siteB	1 sites/1 entries	1.00	0.08	1.00	1.00	1.00
5	A164	pdb_CABP	94 sites/13 entries	0.94	0.14	1.00	1.00	0.94
5	A164	pdb_noCABP	27 sites/12 entries	1.00	1.29	0.59	0.85	0.59
5	A164	afdb	57 sites/57 entries	1.00	0.09	1.00	1.00	1.00
5	A164	esm	12 sites/12 entries	1.00	0.95	1.00	0.83	0.83
5	A166	control_9I27_siteB	1 sites/1 entries	1.00	0.01	1.00	1.00	1.00
5	A166	pdb_CABP	94 sites/13 entries	1.00	0.17	1.00	1.00	1.00
5	A166	pdb_noCABP	27 sites/12 entries	1.00	1.85	0.33	0.92	0.33
5	A166	afdb	57 sites/57 entries	1.00	0.24	1.00	1.00	1.00
5	A166	esm	12 sites/12 entries	1.00	1.13	1.00	1.00	1.00
5	A168	control_9I27_siteB	1 sites/1 entries	1.00	0.17	1.00	1.00	1.00
5	A168	pdb_CABP	94 sites/13 entries	1.00	0.12	1.00	1.00	1.00
5	A168	pdb_noCABP	27 sites/12 entries	1.00	1.70	0.48	0.63	0.26
5	A168	afdb	57 sites/57 entries	1.00	0.44	0.96	0.98	0.95
5	A168	esm	12 sites/12 entries	1.00	2.77	0.00	0.00	0.00
5	A191	control_9I27_siteB	1 sites/1 entries	1.00	0.04	1.00	1.00	1.00
5	A191	pdb_CABP	94 sites/13 entries	0.87	0.12	1.00	1.00	0.87
5	A191	pdb_noCABP	27 sites/12 entries	1.00	0.83	0.93	0.78	0.74
5	A191	afdb	57 sites/57 entries	1.00	0.37	0.98	0.98	0.96
5	A191	esm	12 sites/12 entries	1.00	0.93	1.00	0.92	0.92
5	A193	control_9I27_siteB	1 sites/1 entries	1.00	0.08	1.00	1.00	1.00
5	A193	pdb_CABP	94 sites/13 entries	1.00	0.12	1.00	1.00	1.00
5	A193	pdb_noCABP	27 sites/12 entries	0.93	1.55	0.40	1.00	0.37
5	A193	afdb	57 sites/57 entries	1.00	0.23	0.96	0.96	0.95
5	A193	esm	12 sites/12 entries	1.00	2.18	0.08	1.00	0.08
5	A194	control_9I27_siteB	1 sites/1 entries	1.00	0.04	1.00	1.00	1.00
5	A194	pdb_CABP	94 sites/13 entries	1.00	0.20	1.00	1.00	1.00
5	A194	pdb_noCABP	27 sites/12 entries	1.00	1.51	0.48	0.78	0.41
5	A194	afdb	57 sites/57 entries	1.00	0.70	0.95	1.00	0.95
5	A194	esm	12 sites/12 entries	1.00	0.76	0.92	1.00	0.92
5	A287	control_9I27_siteB	1 sites/1 entries	1.00	0.05	1.00	1.00	1.00
5	A287	pdb_CABP	94 sites/13 entries	1.00	0.13	1.00	1.00	1.00
5	A287	pdb_noCABP	27 sites/12 entries	1.00	0.66	0.85	1.00	0.85
5	A287	afdb	57 sites/57 entries	0.98	0.24	0.98	1.00	0.96
5	A287	esm	12 sites/12 entries	1.00	0.41	1.00	1.00	1.00
5	A288	control_9I27_siteB	1 sites/1 entries	1.00	0.06	1.00	1.00	1.00
5	A288	pdb_CABP	94 sites/13 entries	1.00	0.13	1.00	0.97	0.97
5	A288	pdb_noCABP	25 sites/11 entries	1.00	0.59	0.80	0.64	0.60
5	A288	afdb	57 sites/57 entries	1.00	0.25	0.98	1.00	0.98
5	A288	esm	12 sites/12 entries	1.00	1.45	0.50	0.75	0.42
5	A291	control_9I27_siteB	1 sites/1 entries	1.00	0.02	1.00	1.00	1.00
5	A291	pdb_CABP	94 sites/13 entries	1.00	0.15	1.00	1.00	1.00
5	A291	pdb_noCABP	25 sites/11 entries	1.00	0.71	0.80	0.92	0.76
5	A291	afdb	57 sites/57 entries	1.00	0.14	1.00	1.00	1.00
5	A291	esm	12 sites/12 entries	1.00	0.54	1.00	1.00	1.00
5	A321	control_9I27_siteB	1 sites/1 entries	1.00	0.06	1.00	1.00	1.00
5	A321	pdb_CABP	94 sites/13 entries	1.00	0.17	1.00	1.00	1.00
5	A321	pdb_noCABP	27 sites/12 entries	1.00	0.72	0.63	0.67	0.63
5	A321	afdb	57 sites/57 entries	1.00	0.28	0.98	1.00	0.98
5	A321	esm	12 sites/12 entries	1.00	0.95	1.00	1.00	1.00
5	A329	control_9I27_siteB	1 sites/1 entries	1.00	0.13	1.00	1.00	1.00
5	A329	pdb_CABP	94 sites/13 entries	1.00	0.13	1.00	1.00	1.00
5	A329	pdb_noCABP	15 sites/7 entries	1.00	0.92	0.60	0.58	0.60
5	A329	afdb	57 sites/57 entries	1.00	0.57	0.96	0.98	0.96
5	A329	esm	12 sites/12 entries	1.00	4.40	0.00	0.00	0.00
5	A368	control_9I27_siteB	1 sites/1 entries	1.00	0.18	1.00	1.00	1.00
5	A368	pdb_CABP	94 sites/13 entries	1.00	0.21	1.00	0.97	0.97
5	A368	pdb_noCABP	27 sites/12 entries	1.00	1.55	0.48	0.37	0.26
5	A368	afdb	55 sites/55 entries	1.00	0.21	0.98	1.00	0.98
5	A368	esm	12 sites/12 entries	1.00	2.24	0.00	0.00	0.00
5	B48	control_9I27_siteB	1 sites/1 entries	1.00	0.09	1.00	1.00	1.00
5	B48	pdb_CABP	94 sites/13 entries	1.00	0.12	1.00	0.98	0.98
5	B48	pdb_noCABP	27 sites/12 entries	1.00	1.28	0.56	0.56	0.37
5	B48	afdb	54 sites/54 entries	1.00	0.23	1.00	1.00	1.00
5	B48	esm	12 sites/12 entries	1.00	0.91	0.75	0.67	0.50
5	B54	control_9I27_siteB	1 sites/1 entries	1.00	0.09	1.00	1.00	1.00
5	B54	pdb_CABP	94 sites/13 entries	1.00	0.18	1.00	1.00	1.00
5	B54	pdb_noCABP	14 sites/6 entries	1.00	2.18	0.43	0.43	0.43
5	B54	afdb	54 sites/54 entries	1.00	0.32	1.00	1.00	1.00
5	B54	esm	12 sites/12 entries	1.00	4.09	0.00	0.08	0.00
5	B111	control_9I27_siteB	1 sites/1 entries	1.00	0.05	1.00	1.00	1.00
5	B111	pdb_CABP	94 sites/13 entries	1.00	0.08	1.00	1.00	1.00
5	B111	pdb_noCABP	25 sites/11 entries	1.00	0.87	0.72	0.80	0.60
5	B111	afdb	54 sites/54 entries	1.00	0.31	1.00	1.00	1.00
5	B111	esm	12 sites/12 entries	1.00	1.54	0.50	0.58	0.25
7	A195	control_9I27_siteB	1 sites/1 entries	1.00	0.05	1.00	1.00	1.00
7	A195	pdb_CABP	94 sites/13 entries	1.00	0.14	1.00	1.00	1.00
7	A195	pdb_noCABP	27 sites/12 entries	1.00	1.44	0.52	1.00	0.52
7	A195	afdb	57 sites/57 entries	1.00	0.39	0.95	1.00	0.95
7	A195	esm	12 sites/12 entries	1.00	0.82	0.92	1.00	0.92
7	A289	control_9I27_siteB	1 sites/1 entries	1.00	0.10	1.00	nan	1.00
7	A289	pdb_CABP	94 sites/13 entries	1.00	0.22	1.00	nan	1.00
7	A289	pdb_noCABP	25 sites/11 entries	1.00	1.06	0.68	nan	0.68
7	A289	afdb	57 sites/57 entries	0.98	0.61	0.95	nan	0.93
7	A289	esm	12 sites/12 entries	1.00	0.55	1.00	nan	1.00
7	A366	control_9I27_siteB	1 sites/1 entries	1.00	0.09	1.00	1.00	1.00
7	A366	pdb_CABP	94 sites/13 entries	1.00	0.35	1.00	1.00	1.00
7	A366	pdb_noCABP	27 sites/12 entries	1.00	0.57	0.96	0.96	0.93
7	A366	afdb	55 sites/55 entries	1.00	0.36	0.98	1.00	0.98
7	A366	esm	12 sites/12 entries	1.00	1.03	1.00	1.00	1.00
7	A391	control_9I27_siteB	1 sites/1 entries	1.00	0.07	1.00	1.00	1.00
7	A391	pdb_CABP	94 sites/13 entries	1.00	0.19	1.00	1.00	1.00
7	A391	pdb_noCABP	27 sites/12 entries	1.00	1.16	0.89	0.70	0.70
7	A391	afdb	54 sites/54 entries	1.00	0.47	0.98	1.00	0.98
7	A391	esm	12 sites/12 entries	1.00	1.34	0.92	0.92	0.83
7	B57	control_9I27_siteB	1 sites/1 entries	1.00	0.20	1.00	1.00	1.00
7	B57	pdb_CABP	94 sites/13 entries	1.00	0.33	1.00	0.98	0.98
7	B57	pdb_noCABP	11 sites/5 entries	1.00	0.46	0.64	0.82	0.64
7	B57	afdb	54 sites/54 entries	0.98	0.36	1.00	0.96	0.94
7	B57	esm	12 sites/12 entries	1.00	3.57	0.25	0.17	0.17
9	A196	control_9I27_siteB	1 sites/1 entries	1.00	0.10	1.00	1.00	1.00
9	A196	pdb_CABP	94 sites/13 entries	1.00	0.09	1.00	1.00	1.00
9	A196	pdb_noCABP	27 sites/12 entries	1.00	2.02	0.30	0.63	0.30
9	A196	afdb	57 sites/57 entries	1.00	0.17	0.93	0.96	0.93
9	A196	esm	12 sites/12 entries	1.00	2.59	0.17	0.25	0.17
9	A261	control_9I27_siteB	1 sites/1 entries	1.00	0.06	1.00	1.00	1.00
9	A261	pdb_CABP	94 sites/13 entries	1.00	0.23	1.00	1.00	1.00
9	A261	pdb_noCABP	27 sites/12 entries	1.00	0.49	0.96	0.96	0.93
9	A261	afdb	57 sites/57 entries	1.00	0.15	0.98	1.00	0.98
9	A261	esm	12 sites/12 entries	1.00	0.27	1.00	1.00	1.00
9	A263	control_9I27_siteB	1 sites/1 entries	1.00	0.13	1.00	1.00	1.00
9	A263	pdb_CABP	94 sites/13 entries	1.00	0.55	1.00	1.00	1.00
9	A263	pdb_noCABP	27 sites/12 entries	1.00	1.26	0.63	0.63	0.59
9	A263	afdb	57 sites/57 entries	1.00	0.43	0.93	0.96	0.93
9	A263	esm	12 sites/12 entries	1.00	0.69	1.00	1.00	1.00
9	A285	control_9I27_siteB	1 sites/1 entries	1.00	0.12	1.00	1.00	1.00
9	A285	pdb_CABP	94 sites/13 entries	1.00	0.23	1.00	1.00	1.00
9	A285	pdb_noCABP	27 sites/12 entries	1.00	0.35	0.96	1.00	0.96
9	A285	afdb	57 sites/57 entries	1.00	0.27	0.98	1.00	0.98
9	A285	esm	12 sites/12 entries	1.00	0.52	1.00	1.00	1.00
9	A305	control_9I27_siteB	1 sites/1 entries	1.00	0.12	1.00	nan	1.00
9	A305	pdb_CABP	94 sites/13 entries	1.00	0.24	1.00	nan	1.00
9	A305	pdb_noCABP	27 sites/12 entries	0.96	0.65	0.88	nan	0.85
9	A305	afdb	57 sites/57 entries	0.95	0.29	0.98	nan	0.93
9	A305	esm	12 sites/12 entries	0.83	0.66	1.00	nan	0.83
9	B44	control_9I27_siteB	1 sites/1 entries	1.00	0.13	1.00	1.00	1.00
9	B44	pdb_CABP	94 sites/13 entries	1.00	0.24	1.00	1.00	1.00
9	B44	pdb_noCABP	27 sites/12 entries	1.00	1.19	0.59	1.00	0.59
9	B44	afdb	54 sites/54 entries	1.00	0.21	1.00	1.00	1.00
9	B44	esm	12 sites/12 entries	1.00	1.40	0.50	0.75	0.50
9	B106	control_9I27_siteB	1 sites/1 entries	1.00	0.20	1.00	1.00	1.00
9	B106	pdb_CABP	94 sites/13 entries	1.00	0.31	1.00	0.98	0.98
9	B106	pdb_noCABP	27 sites/12 entries	0.96	0.62	0.85	0.85	0.67
9	B106	afdb	54 sites/54 entries	0.98	0.38	1.00	1.00	0.98
9	B106	esm	12 sites/12 entries	1.00	0.68	0.83	1.00	0.83
