source	id	file	status
pdb	1RBA	structures/pdb/1RBA.cif.gz	ok
pdb	1RUS	structures/pdb/1RUS.cif.gz	ok
pdb	2RUS	structures/pdb/2RUS.cif.gz	ok
pdb	4LF1	structures/pdb/4LF1.cif.gz	ok
pdb	4LF2	structures/pdb/4LF2.cif.gz	ok
pdb	5C2C	structures/pdb/5C2C.cif.gz	ok
pdb	5C2G	structures/pdb/5C2G.cif.gz	ok
pdb	5HAN	structures/pdb/5HAN.cif.gz	ok
pdb	5HAO	structures/pdb/5HAO.cif.gz	ok
pdb	5HAT	structures/pdb/5HAT.cif.gz	ok
pdb	5HJX	structures/pdb/5HJX.cif.gz	ok
pdb	5HJY	structures/pdb/5HJY.cif.gz	ok
pdb	5HK4	structures/pdb/5HK4.cif.gz	ok
pdb	5HQL	structures/pdb/5HQL.cif.gz	ok
pdb	5HQM	structures/pdb/5HQM.cif.gz	ok
pdb	5KOZ	structures/pdb/5KOZ.cif.gz	ok
pdb	5RUB	structures/pdb/5RUB.cif.gz	ok
pdb	6IUS	structures/pdb/6IUS.cif.gz	ok
pdb	7T1C	structures/pdb/7T1C.cif.gz	ok
pdb	7T1J	structures/pdb/7T1J.cif.gz	ok
pdb	7VWX	structures/pdb/7VWX.cif.gz	ok
pdb	8BAA	structures/pdb/8BAA.cif.gz	ok
pdb	9I26	structures/pdb/9I26.cif.gz	ok
pdb	9I27	structures/pdb/9I27.cif.gz	ok
pdb	9I28	structures/pdb/9I28.cif.gz	ok
pdb	9RUB	structures/pdb/9RUB.cif.gz	ok
afdb	A0A0D5MEE8	structures/afdb/A0A0D5MEE8.cif.gz	ok
afdb	A0A0G4GM17	structures/afdb/A0A0G4GM17.cif.gz	ok
afdb	A0A1M3GK19	structures/afdb/A0A1M3GK19.cif.gz	ok
afdb	A0A1Q9DLW0	structures/afdb/A0A1Q9DLW0.cif.gz	ok
afdb	A0A1Q9E0D6	structures/afdb/A0A1Q9E0D6.cif.gz	ok
afdb	A0A7S1Q8I4	structures/afdb/A0A7S1Q8I4.cif.gz	ok
afdb	A0A7V5C8V4	structures/afdb/A0A7V5C8V4.cif.gz	ok
afdb	A0A812L1P8	structures/afdb/A0A812L1P8.cif.gz	ok
afdb	A0A812M981	structures/afdb/A0A812M981.cif.gz	ok
afdb	A0A812X920	structures/afdb/A0A812X920.cif.gz	ok
afdb	A0A813E7F0	structures/afdb/A0A813E7F0.cif.gz	ok
afdb	A0A813ES09	structures/afdb/A0A813ES09.cif.gz	ok
afdb	A0A813EYD3	structures/afdb/A0A813EYD3.cif.gz	ok
afdb	A0A813G796	structures/afdb/A0A813G796.cif.gz	ok
afdb	A0A813GAU1	structures/afdb/A0A813GAU1.cif.gz	ok
afdb	A0A813GD92	structures/afdb/A0A813GD92.cif.gz	ok
afdb	A0A813HXS9	structures/afdb/A0A813HXS9.cif.gz	ok
afdb	A0A813IDD4	structures/afdb/A0A813IDD4.cif.gz	ok
afdb	A0A813JE47	structures/afdb/A0A813JE47.cif.gz	ok
afdb	A0A813LB54	structures/afdb/A0A813LB54.cif.gz	ok
afdb	A0A945GVX4	structures/afdb/A0A945GVX4.cif.gz	ok
afdb	A0A9P1C724	structures/afdb/A0A9P1C724.cif.gz	ok
afdb	A0A9P1C8T4	structures/afdb/A0A9P1C8T4.cif.gz	ok
afdb	A0AA36IXG3	structures/afdb/A0AA36IXG3.cif.gz	ok
afdb	A1VNQ9	structures/afdb/A1VNQ9.cif.gz	ok
afdb	A3PRW6	structures/afdb/A3PRW6.cif.gz	ok
afdb	B3QB68	structures/afdb/B3QB68.cif.gz	ok
afdb	B9KTC8	structures/afdb/B9KTC8.cif.gz	ok
afdb	D5AUD5	structures/afdb/D5AUD5.cif.gz	ok
afdb	O84917	structures/afdb/O84917.cif.gz	ok
afdb	P04718	structures/afdb/P04718.cif.gz	ok
afdb	P29278	structures/afdb/P29278.cif.gz	ok
afdb	P50922	structures/afdb/P50922.cif.gz	ok
afdb	Q07N61	structures/afdb/Q07N61.cif.gz	ok
afdb	Q213J3	structures/afdb/Q213J3.cif.gz	ok
afdb	Q21YM9	structures/afdb/Q21YM9.cif.gz	ok
afdb	Q2J1J9	structures/afdb/Q2J1J9.cif.gz	ok
afdb	Q2RRP5	structures/afdb/Q2RRP5.cif.gz	ok
afdb	Q2W3S5	structures/afdb/Q2W3S5.cif.gz	ok
afdb	Q31IK3	structures/afdb/Q31IK3.cif.gz	ok
afdb	Q37D32	structures/afdb/Q37D32.cif.gz	ok
afdb	Q3IX55	structures/afdb/Q3IX55.cif.gz	ok
afdb	Q41406	structures/afdb/Q41406.cif.gz	ok
afdb	Q42813	structures/afdb/Q42813.cif.gz	ok
afdb	Q479W5	structures/afdb/Q479W5.cif.gz	ok
afdb	Q59462	structures/afdb/Q59462.cif.gz	ok
afdb	Q5ENN5	structures/afdb/Q5ENN5.cif.gz	ok
afdb	Q60028	structures/afdb/Q60028.cif.gz	ok
afdb	Q6N0W9	structures/afdb/Q6N0W9.cif.gz	ok
afdb	Q6Y9B8	structures/afdb/Q6Y9B8.cif.gz	ok
afdb	Q6Y9E5	structures/afdb/Q6Y9E5.cif.gz	ok
afdb	Q6Y9H0	structures/afdb/Q6Y9H0.cif.gz	ok
afdb	Q6Y9H4	structures/afdb/Q6Y9H4.cif.gz	ok
afdb	Q71LZ3	structures/afdb/Q71LZ3.cif.gz	ok
afdb	Q8RTI2	structures/afdb/Q8RTI2.cif.gz	ok
afdb	Q9ZHZ4	structures/afdb/Q9ZHZ4.cif.gz	ok
afdb	U3NHZ5	structures/afdb/U3NHZ5.cif.gz	ok
esm	MGYP000008083038	structures/esm/MGYP000008083038.pdb.gz	ok
esm	MGYP000370765917	structures/esm/MGYP000370765917.pdb.gz	ok
esm	MGYP000391397856	structures/esm/MGYP000391397856.pdb.gz	ok
esm	MGYP000441050396	structures/esm/MGYP000441050396.pdb.gz	ok
esm	MGYP000697636749	structures/esm/MGYP000697636749.pdb.gz	ok
esm	MGYP000908171781	structures/esm/MGYP000908171781.pdb.gz	ok
esm	MGYP001170218668	structures/esm/MGYP001170218668.pdb.gz	ok
esm	MGYP002146133792	structures/esm/MGYP002146133792.pdb.gz	ok
esm	MGYP002713111751	structures/esm/MGYP002713111751.pdb.gz	ok
esm	MGYP003562809595	structures/esm/MGYP003562809595.pdb.gz	ok
esm	MGYP003571940627	structures/esm/MGYP003571940627.pdb.gz	ok
esm	MGYP003707161045	structures/esm/MGYP003707161045.pdb.gz	ok
